"Town","FIPS","Year","Measure Type","Variable","Value"
"Andover","0901301080","2010","Number","Estimated Population",3304
"Andover","0901301080","2011","Number","Estimated Population",3300
"Andover","0901301080","2012","Number","Estimated Population",3283
"Andover","0901301080","2013","Number","Estimated Population",3281
"Andover","0901301080","2014","Number","Estimated Population",3274
"Andover","0901301080","2015","Number","Estimated Population",3268
"Andover","0901301080","2016","Number","Estimated Population",3252
"Andover","0901301080","2017","Number","Estimated Population",3248
"Ansonia","0900901220","2010","Number","Estimated Population",19254
"Ansonia","0900901220","2011","Number","Estimated Population",19227
"Ansonia","0900901220","2012","Number","Estimated Population",19221
"Ansonia","0900901220","2013","Number","Estimated Population",19100
"Ansonia","0900901220","2014","Number","Estimated Population",19052
"Ansonia","0900901220","2015","Number","Estimated Population",18949
"Ansonia","0900901220","2016","Number","Estimated Population",18850
"Ansonia","0900901220","2017","Number","Estimated Population",18813
"Ashford","0901501430","2010","Number","Estimated Population",4323
"Ashford","0901501430","2011","Number","Estimated Population",4309
"Ashford","0901501430","2012","Number","Estimated Population",4294
"Ashford","0901501430","2013","Number","Estimated Population",4280
"Ashford","0901501430","2014","Number","Estimated Population",4255
"Ashford","0901501430","2015","Number","Estimated Population",4243
"Ashford","0901501430","2016","Number","Estimated Population",4226
"Ashford","0901501430","2017","Number","Estimated Population",4244
"Avon","0900302060","2010","Number","Estimated Population",18167
"Avon","0900302060","2011","Number","Estimated Population",18223
"Avon","0900302060","2012","Number","Estimated Population",18307
"Avon","0900302060","2013","Number","Estimated Population",18375
"Avon","0900302060","2014","Number","Estimated Population",18408
"Avon","0900302060","2015","Number","Estimated Population",18376
"Avon","0900302060","2016","Number","Estimated Population",18381
"Avon","0900302060","2017","Number","Estimated Population",18352
"Barkhamsted","0900502760","2010","Number","Estimated Population",3798
"Barkhamsted","0900502760","2011","Number","Estimated Population",3784
"Barkhamsted","0900502760","2012","Number","Estimated Population",3759
"Barkhamsted","0900502760","2013","Number","Estimated Population",3743
"Barkhamsted","0900502760","2014","Number","Estimated Population",3713
"Barkhamsted","0900502760","2015","Number","Estimated Population",3697
"Barkhamsted","0900502760","2016","Number","Estimated Population",3674
"Barkhamsted","0900502760","2017","Number","Estimated Population",3651
"Beacon Falls","0900903250","2010","Number","Estimated Population",6060
"Beacon Falls","0900903250","2011","Number","Estimated Population",6071
"Beacon Falls","0900903250","2012","Number","Estimated Population",6075
"Beacon Falls","0900903250","2013","Number","Estimated Population",6072
"Beacon Falls","0900903250","2014","Number","Estimated Population",6081
"Beacon Falls","0900903250","2015","Number","Estimated Population",6106
"Beacon Falls","0900903250","2016","Number","Estimated Population",6125
"Beacon Falls","0900903250","2017","Number","Estimated Population",6168
"Berlin","0900304300","2010","Number","Estimated Population",19903
"Berlin","0900304300","2011","Number","Estimated Population",20190
"Berlin","0900304300","2012","Number","Estimated Population",20501
"Berlin","0900304300","2013","Number","Estimated Population",20611
"Berlin","0900304300","2014","Number","Estimated Population",20636
"Berlin","0900304300","2015","Number","Estimated Population",20588
"Berlin","0900304300","2016","Number","Estimated Population",20561
"Berlin","0900304300","2017","Number","Estimated Population",20505
"Bethany","0900904580","2010","Number","Estimated Population",5567
"Bethany","0900904580","2011","Number","Estimated Population",5562
"Bethany","0900904580","2012","Number","Estimated Population",5559
"Bethany","0900904580","2013","Number","Estimated Population",5555
"Bethany","0900904580","2014","Number","Estimated Population",5545
"Bethany","0900904580","2015","Number","Estimated Population",5520
"Bethany","0900904580","2016","Number","Estimated Population",5500
"Bethany","0900904580","2017","Number","Estimated Population",5497
"Bethel","0900104720","2010","Number","Estimated Population",18640
"Bethel","0900104720","2011","Number","Estimated Population",18947
"Bethel","0900104720","2012","Number","Estimated Population",19172
"Bethel","0900104720","2013","Number","Estimated Population",19302
"Bethel","0900104720","2014","Number","Estimated Population",19359
"Bethel","0900104720","2015","Number","Estimated Population",19513
"Bethel","0900104720","2016","Number","Estimated Population",19716
"Bethel","0900104720","2017","Number","Estimated Population",19802
"Bethlehem","0900504930","2010","Number","Estimated Population",3592
"Bethlehem","0900504930","2011","Number","Estimated Population",3580
"Bethlehem","0900504930","2012","Number","Estimated Population",3552
"Bethlehem","0900504930","2013","Number","Estimated Population",3543
"Bethlehem","0900504930","2014","Number","Estimated Population",3504
"Bethlehem","0900504930","2015","Number","Estimated Population",3481
"Bethlehem","0900504930","2016","Number","Estimated Population",3459
"Bethlehem","0900504930","2017","Number","Estimated Population",3439
"Bloomfield","0900305910","2010","Number","Estimated Population",20496
"Bloomfield","0900305910","2011","Number","Estimated Population",20563
"Bloomfield","0900305910","2012","Number","Estimated Population",20649
"Bloomfield","0900305910","2013","Number","Estimated Population",20663
"Bloomfield","0900305910","2014","Number","Estimated Population",20817
"Bloomfield","0900305910","2015","Number","Estimated Population",20743
"Bloomfield","0900305910","2016","Number","Estimated Population",20604
"Bloomfield","0900305910","2017","Number","Estimated Population",21406
"Bolton","0901306260","2010","Number","Estimated Population",4978
"Bolton","0901306260","2011","Number","Estimated Population",4981
"Bolton","0901306260","2012","Number","Estimated Population",4964
"Bolton","0901306260","2013","Number","Estimated Population",4954
"Bolton","0901306260","2014","Number","Estimated Population",4955
"Bolton","0901306260","2015","Number","Estimated Population",4953
"Bolton","0901306260","2016","Number","Estimated Population",4927
"Bolton","0901306260","2017","Number","Estimated Population",4916
"Bozrah","0901106820","2010","Number","Estimated Population",2625
"Bozrah","0901106820","2011","Number","Estimated Population",2628
"Bozrah","0901106820","2012","Number","Estimated Population",2632
"Bozrah","0901106820","2013","Number","Estimated Population",2625
"Bozrah","0901106820","2014","Number","Estimated Population",2607
"Bozrah","0901106820","2015","Number","Estimated Population",2587
"Bozrah","0901106820","2016","Number","Estimated Population",2569
"Bozrah","0901106820","2017","Number","Estimated Population",2563
"Branford","0900907310","2010","Number","Estimated Population",28040
"Branford","0900907310","2011","Number","Estimated Population",28042
"Branford","0900907310","2012","Number","Estimated Population",28063
"Branford","0900907310","2013","Number","Estimated Population",28059
"Branford","0900907310","2014","Number","Estimated Population",28305
"Branford","0900907310","2015","Number","Estimated Population",28208
"Branford","0900907310","2016","Number","Estimated Population",28111
"Branford","0900907310","2017","Number","Estimated Population",28111
"Bridgeport","0900108070","2010","Number","Estimated Population",144923
"Bridgeport","0900108070","2011","Number","Estimated Population",146363
"Bridgeport","0900108070","2012","Number","Estimated Population",147288
"Bridgeport","0900108070","2013","Number","Estimated Population",148168
"Bridgeport","0900108070","2014","Number","Estimated Population",148225
"Bridgeport","0900108070","2015","Number","Estimated Population",147890
"Bridgeport","0900108070","2016","Number","Estimated Population",147016
"Bridgeport","0900108070","2017","Number","Estimated Population",146579
"Bridgewater","0900508210","2010","Number","Estimated Population",1725
"Bridgewater","0900508210","2011","Number","Estimated Population",1715
"Bridgewater","0900508210","2012","Number","Estimated Population",1703
"Bridgewater","0900508210","2013","Number","Estimated Population",1697
"Bridgewater","0900508210","2014","Number","Estimated Population",1682
"Bridgewater","0900508210","2015","Number","Estimated Population",1669
"Bridgewater","0900508210","2016","Number","Estimated Population",1657
"Bridgewater","0900508210","2017","Number","Estimated Population",1644
"Bristol","0900308490","2010","Number","Estimated Population",60497
"Bristol","0900308490","2011","Number","Estimated Population",60638
"Bristol","0900308490","2012","Number","Estimated Population",60697
"Bristol","0900308490","2013","Number","Estimated Population",60683
"Bristol","0900308490","2014","Number","Estimated Population",60666
"Bristol","0900308490","2015","Number","Estimated Population",60599
"Bristol","0900308490","2016","Number","Estimated Population",60380
"Bristol","0900308490","2017","Number","Estimated Population",60223
"Brookfield","0900108980","2010","Number","Estimated Population",16473
"Brookfield","0900108980","2011","Number","Estimated Population",16627
"Brookfield","0900108980","2012","Number","Estimated Population",16787
"Brookfield","0900108980","2013","Number","Estimated Population",16869
"Brookfield","0900108980","2014","Number","Estimated Population",17030
"Brookfield","0900108980","2015","Number","Estimated Population",17106
"Brookfield","0900108980","2016","Number","Estimated Population",17134
"Brookfield","0900108980","2017","Number","Estimated Population",17133
"Brooklyn","0901509190","2010","Number","Estimated Population",8215
"Brooklyn","0901509190","2011","Number","Estimated Population",8220
"Brooklyn","0901509190","2012","Number","Estimated Population",8236
"Brooklyn","0901509190","2013","Number","Estimated Population",8277
"Brooklyn","0901509190","2014","Number","Estimated Population",8249
"Brooklyn","0901509190","2015","Number","Estimated Population",8240
"Brooklyn","0901509190","2016","Number","Estimated Population",8185
"Brooklyn","0901509190","2017","Number","Estimated Population",8208
"Burlington","0900310100","2010","Number","Estimated Population",9318
"Burlington","0900310100","2011","Number","Estimated Population",9395
"Burlington","0900310100","2012","Number","Estimated Population",9437
"Burlington","0900310100","2013","Number","Estimated Population",9489
"Burlington","0900310100","2014","Number","Estimated Population",9574
"Burlington","0900310100","2015","Number","Estimated Population",9618
"Burlington","0900310100","2016","Number","Estimated Population",9623
"Burlington","0900310100","2017","Number","Estimated Population",9640
"Canaan","0900510940","2010","Number","Estimated Population",1113
"Canaan","0900510940","2011","Number","Estimated Population",1109
"Canaan","0900510940","2012","Number","Estimated Population",1102
"Canaan","0900510940","2013","Number","Estimated Population",1095
"Canaan","0900510940","2014","Number","Estimated Population",1085
"Canaan","0900510940","2015","Number","Estimated Population",1079
"Canaan","0900510940","2016","Number","Estimated Population",1069
"Canaan","0900510940","2017","Number","Estimated Population",1062
"Canterbury","0901512130","2010","Number","Estimated Population",5131
"Canterbury","0901512130","2011","Number","Estimated Population",5125
"Canterbury","0901512130","2012","Number","Estimated Population",5106
"Canterbury","0901512130","2013","Number","Estimated Population",5092
"Canterbury","0901512130","2014","Number","Estimated Population",5076
"Canterbury","0901512130","2015","Number","Estimated Population",5075
"Canterbury","0901512130","2016","Number","Estimated Population",5049
"Canterbury","0901512130","2017","Number","Estimated Population",5075
"Canton","0900312270","2010","Number","Estimated Population",10300
"Canton","0900312270","2011","Number","Estimated Population",10337
"Canton","0900312270","2012","Number","Estimated Population",10364
"Canton","0900312270","2013","Number","Estimated Population",10371
"Canton","0900312270","2014","Number","Estimated Population",10364
"Canton","0900312270","2015","Number","Estimated Population",10351
"Canton","0900312270","2016","Number","Estimated Population",10327
"Canton","0900312270","2017","Number","Estimated Population",10298
"Chaplin","0901513810","2010","Number","Estimated Population",2296
"Chaplin","0901513810","2011","Number","Estimated Population",2289
"Chaplin","0901513810","2012","Number","Estimated Population",2279
"Chaplin","0901513810","2013","Number","Estimated Population",2271
"Chaplin","0901513810","2014","Number","Estimated Population",2255
"Chaplin","0901513810","2015","Number","Estimated Population",2246
"Chaplin","0901513810","2016","Number","Estimated Population",2238
"Chaplin","0901513810","2017","Number","Estimated Population",2241
"Cheshire","0900914160","2010","Number","Estimated Population",29285
"Cheshire","0900914160","2011","Number","Estimated Population",29318
"Cheshire","0900914160","2012","Number","Estimated Population",29373
"Cheshire","0900914160","2013","Number","Estimated Population",29185
"Cheshire","0900914160","2014","Number","Estimated Population",29267
"Cheshire","0900914160","2015","Number","Estimated Population",29304
"Cheshire","0900914160","2016","Number","Estimated Population",29309
"Cheshire","0900914160","2017","Number","Estimated Population",29330
"Chester","0900714300","2010","Number","Estimated Population",4025
"Chester","0900714300","2011","Number","Estimated Population",4168
"Chester","0900714300","2012","Number","Estimated Population",4243
"Chester","0900714300","2013","Number","Estimated Population",4342
"Chester","0900714300","2014","Number","Estimated Population",4308
"Chester","0900714300","2015","Number","Estimated Population",4285
"Chester","0900714300","2016","Number","Estimated Population",4259
"Chester","0900714300","2017","Number","Estimated Population",4254
"Clinton","0900715350","2010","Number","Estimated Population",13242
"Clinton","0900715350","2011","Number","Estimated Population",13258
"Clinton","0900715350","2012","Number","Estimated Population",13186
"Clinton","0900715350","2013","Number","Estimated Population",13174
"Clinton","0900715350","2014","Number","Estimated Population",13113
"Clinton","0900715350","2015","Number","Estimated Population",13024
"Clinton","0900715350","2016","Number","Estimated Population",12968
"Clinton","0900715350","2017","Number","Estimated Population",12957
"Colchester","0901115910","2010","Number","Estimated Population",16046
"Colchester","0901115910","2011","Number","Estimated Population",16081
"Colchester","0901115910","2012","Number","Estimated Population",16130
"Colchester","0901115910","2013","Number","Estimated Population",16091
"Colchester","0901115910","2014","Number","Estimated Population",16055
"Colchester","0901115910","2015","Number","Estimated Population",15977
"Colchester","0901115910","2016","Number","Estimated Population",15937
"Colchester","0901115910","2017","Number","Estimated Population",16029
"Colebrook","0900516050","2010","Number","Estimated Population",1476
"Colebrook","0900516050","2011","Number","Estimated Population",1468
"Colebrook","0900516050","2012","Number","Estimated Population",1456
"Colebrook","0900516050","2013","Number","Estimated Population",1450
"Colebrook","0900516050","2014","Number","Estimated Population",1439
"Colebrook","0900516050","2015","Number","Estimated Population",1432
"Colebrook","0900516050","2016","Number","Estimated Population",1422
"Colebrook","0900516050","2017","Number","Estimated Population",1413
"Columbia","0901316400","2010","Number","Estimated Population",5486
"Columbia","0901316400","2011","Number","Estimated Population",5481
"Columbia","0901316400","2012","Number","Estimated Population",5467
"Columbia","0901316400","2013","Number","Estimated Population",5462
"Columbia","0901316400","2014","Number","Estimated Population",5451
"Columbia","0901316400","2015","Number","Estimated Population",5435
"Columbia","0901316400","2016","Number","Estimated Population",5423
"Columbia","0901316400","2017","Number","Estimated Population",5418
"Connecticut","09","2010","Number","Estimated Population",3580171
"Connecticut","09","2011","Number","Estimated Population",3591927
"Connecticut","09","2012","Number","Estimated Population",3597705
"Connecticut","09","2013","Number","Estimated Population",3602470
"Connecticut","09","2014","Number","Estimated Population",3600188
"Connecticut","09","2015","Number","Estimated Population",3593862
"Connecticut","09","2016","Number","Estimated Population",3587685
"Connecticut","09","2017","Number","Estimated Population",3588184
"Cornwall","0900517240","2010","Number","Estimated Population",1419
"Cornwall","0900517240","2011","Number","Estimated Population",1413
"Cornwall","0900517240","2012","Number","Estimated Population",1401
"Cornwall","0900517240","2013","Number","Estimated Population",1413
"Cornwall","0900517240","2014","Number","Estimated Population",1402
"Cornwall","0900517240","2015","Number","Estimated Population",1392
"Cornwall","0900517240","2016","Number","Estimated Population",1384
"Cornwall","0900517240","2017","Number","Estimated Population",1376
"Coventry","0901317800","2010","Number","Estimated Population",12443
"Coventry","0901317800","2011","Number","Estimated Population",12484
"Coventry","0901317800","2012","Number","Estimated Population",12449
"Coventry","0901317800","2013","Number","Estimated Population",12441
"Coventry","0901317800","2014","Number","Estimated Population",12436
"Coventry","0901317800","2015","Number","Estimated Population",12465
"Coventry","0901317800","2016","Number","Estimated Population",12443
"Coventry","0901317800","2017","Number","Estimated Population",12439
"Cromwell","0900718080","2010","Number","Estimated Population",14000
"Cromwell","0900718080","2011","Number","Estimated Population",14122
"Cromwell","0900718080","2012","Number","Estimated Population",14096
"Cromwell","0900718080","2013","Number","Estimated Population",14110
"Cromwell","0900718080","2014","Number","Estimated Population",14079
"Cromwell","0900718080","2015","Number","Estimated Population",13994
"Cromwell","0900718080","2016","Number","Estimated Population",13956
"Cromwell","0900718080","2017","Number","Estimated Population",13956
"Danbury","0900118500","2010","Number","Estimated Population",81355
"Danbury","0900118500","2011","Number","Estimated Population",82222
"Danbury","0900118500","2012","Number","Estimated Population",82899
"Danbury","0900118500","2013","Number","Estimated Population",83852
"Danbury","0900118500","2014","Number","Estimated Population",83908
"Danbury","0900118500","2015","Number","Estimated Population",84500
"Danbury","0900118500","2016","Number","Estimated Population",85385
"Danbury","0900118500","2017","Number","Estimated Population",85246
"Darien","0900118850","2010","Number","Estimated Population",20778
"Darien","0900118850","2011","Number","Estimated Population",20995
"Darien","0900118850","2012","Number","Estimated Population",21175
"Darien","0900118850","2013","Number","Estimated Population",21414
"Darien","0900118850","2014","Number","Estimated Population",21732
"Darien","0900118850","2015","Number","Estimated Population",21829
"Darien","0900118850","2016","Number","Estimated Population",21893
"Darien","0900118850","2017","Number","Estimated Population",21887
"Deep River","0900719130","2010","Number","Estimated Population",4623
"Deep River","0900719130","2011","Number","Estimated Population",4626
"Deep River","0900719130","2012","Number","Estimated Population",4605
"Deep River","0900719130","2013","Number","Estimated Population",4593
"Deep River","0900719130","2014","Number","Estimated Population",4557
"Deep River","0900719130","2015","Number","Estimated Population",4524
"Deep River","0900719130","2016","Number","Estimated Population",4501
"Deep River","0900719130","2017","Number","Estimated Population",4494
"Derby","0900919550","2010","Number","Estimated Population",12906
"Derby","0900919550","2011","Number","Estimated Population",12869
"Derby","0900919550","2012","Number","Estimated Population",12875
"Derby","0900919550","2013","Number","Estimated Population",12855
"Derby","0900919550","2014","Number","Estimated Population",12814
"Derby","0900919550","2015","Number","Estimated Population",12652
"Derby","0900919550","2016","Number","Estimated Population",12602
"Derby","0900919550","2017","Number","Estimated Population",12581
"Durham","0900720810","2010","Number","Estimated Population",7382
"Durham","0900720810","2011","Number","Estimated Population",7396
"Durham","0900720810","2012","Number","Estimated Population",7367
"Durham","0900720810","2013","Number","Estimated Population",7356
"Durham","0900720810","2014","Number","Estimated Population",7333
"Durham","0900720810","2015","Number","Estimated Population",7283
"Durham","0900720810","2016","Number","Estimated Population",7245
"Durham","0900720810","2017","Number","Estimated Population",7240
"Eastford","0901521860","2010","Number","Estimated Population",1752
"Eastford","0901521860","2011","Number","Estimated Population",1742
"Eastford","0901521860","2012","Number","Estimated Population",1736
"Eastford","0901521860","2013","Number","Estimated Population",1740
"Eastford","0901521860","2014","Number","Estimated Population",1735
"Eastford","0901521860","2015","Number","Estimated Population",1751
"Eastford","0901521860","2016","Number","Estimated Population",1749
"Eastford","0901521860","2017","Number","Estimated Population",1756
"East Granby","0900322070","2010","Number","Estimated Population",5159
"East Granby","0900322070","2011","Number","Estimated Population",5170
"East Granby","0900322070","2012","Number","Estimated Population",5189
"East Granby","0900322070","2013","Number","Estimated Population",5212
"East Granby","0900322070","2014","Number","Estimated Population",5212
"East Granby","0900322070","2015","Number","Estimated Population",5198
"East Granby","0900322070","2016","Number","Estimated Population",5177
"East Granby","0900322070","2017","Number","Estimated Population",5166
"East Haddam","0900722280","2010","Number","Estimated Population",9123
"East Haddam","0900722280","2011","Number","Estimated Population",9180
"East Haddam","0900722280","2012","Number","Estimated Population",9152
"East Haddam","0900722280","2013","Number","Estimated Population",9140
"East Haddam","0900722280","2014","Number","Estimated Population",9124
"East Haddam","0900722280","2015","Number","Estimated Population",9064
"East Haddam","0900722280","2016","Number","Estimated Population",9030
"East Haddam","0900722280","2017","Number","Estimated Population",9036
"East Hampton","0900722490","2010","Number","Estimated Population",12955
"East Hampton","0900722490","2011","Number","Estimated Population",13000
"East Hampton","0900722490","2012","Number","Estimated Population",12934
"East Hampton","0900722490","2013","Number","Estimated Population",12911
"East Hampton","0900722490","2014","Number","Estimated Population",12872
"East Hampton","0900722490","2015","Number","Estimated Population",12841
"East Hampton","0900722490","2016","Number","Estimated Population",12884
"East Hampton","0900722490","2017","Number","Estimated Population",12901
"East Hartford","0900322630","2010","Number","Estimated Population",51279
"East Hartford","0900322630","2011","Number","Estimated Population",51375
"East Hartford","0900322630","2012","Number","Estimated Population",51386
"East Hartford","0900322630","2013","Number","Estimated Population",51337
"East Hartford","0900322630","2014","Number","Estimated Population",51166
"East Hartford","0900322630","2015","Number","Estimated Population",50733
"East Hartford","0900322630","2016","Number","Estimated Population",50518
"East Hartford","0900322630","2017","Number","Estimated Population",50319
"East Haven","0900922910","2010","Number","Estimated Population",29222
"East Haven","0900922910","2011","Number","Estimated Population",29183
"East Haven","0900922910","2012","Number","Estimated Population",29203
"East Haven","0900922910","2013","Number","Estimated Population",29164
"East Haven","0900922910","2014","Number","Estimated Population",29112
"East Haven","0900922910","2015","Number","Estimated Population",28994
"East Haven","0900922910","2016","Number","Estimated Population",28895
"East Haven","0900922910","2017","Number","Estimated Population",28857
"East Lyme","0901123400","2010","Number","Estimated Population",19134
"East Lyme","0901123400","2011","Number","Estimated Population",18507
"East Lyme","0901123400","2012","Number","Estimated Population",18871
"East Lyme","0901123400","2013","Number","Estimated Population",18863
"East Lyme","0901123400","2014","Number","Estimated Population",18683
"East Lyme","0901123400","2015","Number","Estimated Population",19190
"East Lyme","0901123400","2016","Number","Estimated Population",18804
"East Lyme","0901123400","2017","Number","Estimated Population",18789
"Easton","0900123890","2010","Number","Estimated Population",7505
"Easton","0900123890","2011","Number","Estimated Population",7569
"Easton","0900123890","2012","Number","Estimated Population",7614
"Easton","0900123890","2013","Number","Estimated Population",7632
"Easton","0900123890","2014","Number","Estimated Population",7635
"Easton","0900123890","2015","Number","Estimated Population",7624
"Easton","0900123890","2016","Number","Estimated Population",7596
"Easton","0900123890","2017","Number","Estimated Population",7579
"East Windsor","0900324800","2010","Number","Estimated Population",11189
"East Windsor","0900324800","2011","Number","Estimated Population",11351
"East Windsor","0900324800","2012","Number","Estimated Population",11401
"East Windsor","0900324800","2013","Number","Estimated Population",11434
"East Windsor","0900324800","2014","Number","Estimated Population",11437
"East Windsor","0900324800","2015","Number","Estimated Population",11416
"East Windsor","0900324800","2016","Number","Estimated Population",11397
"East Windsor","0900324800","2017","Number","Estimated Population",11395
"Ellington","0901325360","2010","Number","Estimated Population",15632
"Ellington","0901325360","2011","Number","Estimated Population",15644
"Ellington","0901325360","2012","Number","Estimated Population",15799
"Ellington","0901325360","2013","Number","Estimated Population",15796
"Ellington","0901325360","2014","Number","Estimated Population",15802
"Ellington","0901325360","2015","Number","Estimated Population",15931
"Ellington","0901325360","2016","Number","Estimated Population",16057
"Ellington","0901325360","2017","Number","Estimated Population",16195
"Enfield","0900325990","2010","Number","Estimated Population",44661
"Enfield","0900325990","2011","Number","Estimated Population",44738
"Enfield","0900325990","2012","Number","Estimated Population",44730
"Enfield","0900325990","2013","Number","Estimated Population",44806
"Enfield","0900325990","2014","Number","Estimated Population",44605
"Enfield","0900325990","2015","Number","Estimated Population",44430
"Enfield","0900325990","2016","Number","Estimated Population",44515
"Enfield","0900325990","2017","Number","Estimated Population",44585
"Essex","0900726270","2010","Number","Estimated Population",6677
"Essex","0900726270","2011","Number","Estimated Population",6688
"Essex","0900726270","2012","Number","Estimated Population",6647
"Essex","0900726270","2013","Number","Estimated Population",6631
"Essex","0900726270","2014","Number","Estimated Population",6614
"Essex","0900726270","2015","Number","Estimated Population",6573
"Essex","0900726270","2016","Number","Estimated Population",6545
"Essex","0900726270","2017","Number","Estimated Population",6588
"Fairfield","0900126620","2010","Number","Estimated Population",59729
"Fairfield","0900126620","2011","Number","Estimated Population",60429
"Fairfield","0900126620","2012","Number","Estimated Population",60860
"Fairfield","0900126620","2013","Number","Estimated Population",61175
"Fairfield","0900126620","2014","Number","Estimated Population",61479
"Fairfield","0900126620","2015","Number","Estimated Population",61561
"Fairfield","0900126620","2016","Number","Estimated Population",61697
"Fairfield","0900126620","2017","Number","Estimated Population",62105
"Farmington","0900327600","2010","Number","Estimated Population",25360
"Farmington","0900327600","2011","Number","Estimated Population",25447
"Farmington","0900327600","2012","Number","Estimated Population",25545
"Farmington","0900327600","2013","Number","Estimated Population",25602
"Farmington","0900327600","2014","Number","Estimated Population",25641
"Farmington","0900327600","2015","Number","Estimated Population",25602
"Farmington","0900327600","2016","Number","Estimated Population",25582
"Farmington","0900327600","2017","Number","Estimated Population",25572
"Franklin","0901129910","2010","Number","Estimated Population",1920
"Franklin","0901129910","2011","Number","Estimated Population",1984
"Franklin","0901129910","2012","Number","Estimated Population",1989
"Franklin","0901129910","2013","Number","Estimated Population",1980
"Franklin","0901129910","2014","Number","Estimated Population",1971
"Franklin","0901129910","2015","Number","Estimated Population",1958
"Franklin","0901129910","2016","Number","Estimated Population",1946
"Franklin","0901129910","2017","Number","Estimated Population",1944
"Glastonbury","0900331240","2010","Number","Estimated Population",34452
"Glastonbury","0900331240","2011","Number","Estimated Population",34612
"Glastonbury","0900331240","2012","Number","Estimated Population",34710
"Glastonbury","0900331240","2013","Number","Estimated Population",34791
"Glastonbury","0900331240","2014","Number","Estimated Population",34735
"Glastonbury","0900331240","2015","Number","Estimated Population",34689
"Glastonbury","0900331240","2016","Number","Estimated Population",34627
"Glastonbury","0900331240","2017","Number","Estimated Population",34575
"Goshen","0900532290","2010","Number","Estimated Population",2977
"Goshen","0900532290","2011","Number","Estimated Population",2968
"Goshen","0900532290","2012","Number","Estimated Population",2952
"Goshen","0900532290","2013","Number","Estimated Population",2946
"Goshen","0900532290","2014","Number","Estimated Population",2922
"Goshen","0900532290","2015","Number","Estimated Population",2918
"Goshen","0900532290","2016","Number","Estimated Population",2900
"Goshen","0900532290","2017","Number","Estimated Population",2888
"Granby","0900332640","2010","Number","Estimated Population",11288
"Granby","0900332640","2011","Number","Estimated Population",11310
"Granby","0900332640","2012","Number","Estimated Population",11332
"Granby","0900332640","2013","Number","Estimated Population",11331
"Granby","0900332640","2014","Number","Estimated Population",11322
"Granby","0900332640","2015","Number","Estimated Population",11311
"Granby","0900332640","2016","Number","Estimated Population",11280
"Granby","0900332640","2017","Number","Estimated Population",11357
"Greenwich","0900133620","2010","Number","Estimated Population",61340
"Greenwich","0900133620","2011","Number","Estimated Population",61991
"Greenwich","0900133620","2012","Number","Estimated Population",62441
"Greenwich","0900133620","2013","Number","Estimated Population",62653
"Greenwich","0900133620","2014","Number","Estimated Population",62724
"Greenwich","0900133620","2015","Number","Estimated Population",62799
"Greenwich","0900133620","2016","Number","Estimated Population",62818
"Greenwich","0900133620","2017","Number","Estimated Population",62855
"Griswold","0901133900","2010","Number","Estimated Population",11955
"Griswold","0901133900","2011","Number","Estimated Population",11951
"Griswold","0901133900","2012","Number","Estimated Population",11981
"Griswold","0901133900","2013","Number","Estimated Population",11926
"Griswold","0901133900","2014","Number","Estimated Population",11862
"Griswold","0901133900","2015","Number","Estimated Population",11770
"Griswold","0901133900","2016","Number","Estimated Population",11705
"Griswold","0901133900","2017","Number","Estimated Population",11687
"Groton","0901134250","2010","Number","Estimated Population",49468
"Groton","0901134250","2011","Number","Estimated Population",49187
"Groton","0901134250","2012","Number","Estimated Population",49593
"Groton","0901134250","2013","Number","Estimated Population",49437
"Groton","0901134250","2014","Number","Estimated Population",49012
"Groton","0901134250","2015","Number","Estimated Population",48507
"Groton","0901134250","2016","Number","Estimated Population",48287
"Groton","0901134250","2017","Number","Estimated Population",48167
"Guilford","0900934950","2010","Number","Estimated Population",22389
"Guilford","0900934950","2011","Number","Estimated Population",22399
"Guilford","0900934950","2012","Number","Estimated Population",22430
"Guilford","0900934950","2013","Number","Estimated Population",22436
"Guilford","0900934950","2014","Number","Estimated Population",22453
"Guilford","0900934950","2015","Number","Estimated Population",22377
"Guilford","0900934950","2016","Number","Estimated Population",22298
"Guilford","0900934950","2017","Number","Estimated Population",22283
"Haddam","0900735230","2010","Number","Estimated Population",8343
"Haddam","0900735230","2011","Number","Estimated Population",8389
"Haddam","0900735230","2012","Number","Estimated Population",8356
"Haddam","0900735230","2013","Number","Estimated Population",8360
"Haddam","0900735230","2014","Number","Estimated Population",8329
"Haddam","0900735230","2015","Number","Estimated Population",8284
"Haddam","0900735230","2016","Number","Estimated Population",8269
"Haddam","0900735230","2017","Number","Estimated Population",8264
"Hamden","0900935650","2010","Number","Estimated Population",61639
"Hamden","0900935650","2011","Number","Estimated Population",61693
"Hamden","0900935650","2012","Number","Estimated Population",61873
"Hamden","0900935650","2013","Number","Estimated Population",61758
"Hamden","0900935650","2014","Number","Estimated Population",61599
"Hamden","0900935650","2015","Number","Estimated Population",61554
"Hamden","0900935650","2016","Number","Estimated Population",61322
"Hamden","0900935650","2017","Number","Estimated Population",61284
"Hampton","0901536000","2010","Number","Estimated Population",1862
"Hampton","0901536000","2011","Number","Estimated Population",1868
"Hampton","0901536000","2012","Number","Estimated Population",1871
"Hampton","0901536000","2013","Number","Estimated Population",1870
"Hampton","0901536000","2014","Number","Estimated Population",1861
"Hampton","0901536000","2015","Number","Estimated Population",1851
"Hampton","0901536000","2016","Number","Estimated Population",1843
"Hampton","0901536000","2017","Number","Estimated Population",1844
"Hartford","0900337070","2010","Number","Estimated Population",125403
"Hartford","0900337070","2011","Number","Estimated Population",125572
"Hartford","0900337070","2012","Number","Estimated Population",125399
"Hartford","0900337070","2013","Number","Estimated Population",125420
"Hartford","0900337070","2014","Number","Estimated Population",124863
"Hartford","0900337070","2015","Number","Estimated Population",124510
"Hartford","0900337070","2016","Number","Estimated Population",123853
"Hartford","0900337070","2017","Number","Estimated Population",123400
"Hartland","0900337140","2010","Number","Estimated Population",2117
"Hartland","0900337140","2011","Number","Estimated Population",2133
"Hartland","0900337140","2012","Number","Estimated Population",2135
"Hartland","0900337140","2013","Number","Estimated Population",2133
"Hartland","0900337140","2014","Number","Estimated Population",2127
"Hartland","0900337140","2015","Number","Estimated Population",2126
"Hartland","0900337140","2016","Number","Estimated Population",2120
"Hartland","0900337140","2017","Number","Estimated Population",2112
"Harwinton","0900537280","2010","Number","Estimated Population",5642
"Harwinton","0900537280","2011","Number","Estimated Population",5637
"Harwinton","0900537280","2012","Number","Estimated Population",5604
"Harwinton","0900537280","2013","Number","Estimated Population",5597
"Harwinton","0900537280","2014","Number","Estimated Population",5544
"Harwinton","0900537280","2015","Number","Estimated Population",5509
"Harwinton","0900537280","2016","Number","Estimated Population",5478
"Harwinton","0900537280","2017","Number","Estimated Population",5452
"Hebron","0901337910","2010","Number","Estimated Population",9685
"Hebron","0901337910","2011","Number","Estimated Population",9669
"Hebron","0901337910","2012","Number","Estimated Population",9633
"Hebron","0901337910","2013","Number","Estimated Population",9591
"Hebron","0901337910","2014","Number","Estimated Population",9566
"Hebron","0901337910","2015","Number","Estimated Population",9557
"Hebron","0901337910","2016","Number","Estimated Population",9520
"Hebron","0901337910","2017","Number","Estimated Population",9507
"Kent","0900540290","2010","Number","Estimated Population",2980
"Kent","0900540290","2011","Number","Estimated Population",2974
"Kent","0900540290","2012","Number","Estimated Population",2950
"Kent","0900540290","2013","Number","Estimated Population",2938
"Kent","0900540290","2014","Number","Estimated Population",2900
"Kent","0900540290","2015","Number","Estimated Population",2847
"Kent","0900540290","2016","Number","Estimated Population",2807
"Kent","0900540290","2017","Number","Estimated Population",2800
"Killingly","0901540500","2010","Number","Estimated Population",17378
"Killingly","0901540500","2011","Number","Estimated Population",17367
"Killingly","0901540500","2012","Number","Estimated Population",17301
"Killingly","0901540500","2013","Number","Estimated Population",17264
"Killingly","0901540500","2014","Number","Estimated Population",17175
"Killingly","0901540500","2015","Number","Estimated Population",17118
"Killingly","0901540500","2016","Number","Estimated Population",17069
"Killingly","0901540500","2017","Number","Estimated Population",17172
"Killingworth","0900740710","2010","Number","Estimated Population",6519
"Killingworth","0900740710","2011","Number","Estimated Population",6527
"Killingworth","0900740710","2012","Number","Estimated Population",6494
"Killingworth","0900740710","2013","Number","Estimated Population",6488
"Killingworth","0900740710","2014","Number","Estimated Population",6477
"Killingworth","0900740710","2015","Number","Estimated Population",6436
"Killingworth","0900740710","2016","Number","Estimated Population",6412
"Killingworth","0900740710","2017","Number","Estimated Population",6401
"Lebanon","0901142390","2010","Number","Estimated Population",7330
"Lebanon","0901142390","2011","Number","Estimated Population",7325
"Lebanon","0901142390","2012","Number","Estimated Population",7343
"Lebanon","0901142390","2013","Number","Estimated Population",7303
"Lebanon","0901142390","2014","Number","Estimated Population",7282
"Lebanon","0901142390","2015","Number","Estimated Population",7226
"Lebanon","0901142390","2016","Number","Estimated Population",7194
"Lebanon","0901142390","2017","Number","Estimated Population",7209
"Ledyard","0901142600","2010","Number","Estimated Population",15044
"Ledyard","0901142600","2011","Number","Estimated Population",15025
"Ledyard","0901142600","2012","Number","Estimated Population",15058
"Ledyard","0901142600","2013","Number","Estimated Population",15028
"Ledyard","0901142600","2014","Number","Estimated Population",15021
"Ledyard","0901142600","2015","Number","Estimated Population",14911
"Ledyard","0901142600","2016","Number","Estimated Population",14846
"Ledyard","0901142600","2017","Number","Estimated Population",14837
"Lisbon","0901143230","2010","Number","Estimated Population",4337
"Lisbon","0901143230","2011","Number","Estimated Population",4330
"Lisbon","0901143230","2012","Number","Estimated Population",4352
"Lisbon","0901143230","2013","Number","Estimated Population",4339
"Lisbon","0901143230","2014","Number","Estimated Population",4322
"Lisbon","0901143230","2015","Number","Estimated Population",4291
"Lisbon","0901143230","2016","Number","Estimated Population",4275
"Lisbon","0901143230","2017","Number","Estimated Population",4274
"Litchfield","0900543370","2010","Number","Estimated Population",8463
"Litchfield","0900543370","2011","Number","Estimated Population",8423
"Litchfield","0900543370","2012","Number","Estimated Population",8367
"Litchfield","0900543370","2013","Number","Estimated Population",8352
"Litchfield","0900543370","2014","Number","Estimated Population",8284
"Litchfield","0900543370","2015","Number","Estimated Population",8255
"Litchfield","0900543370","2016","Number","Estimated Population",8198
"Litchfield","0900543370","2017","Number","Estimated Population",8168
"Lyme","0901144210","2010","Number","Estimated Population",2404
"Lyme","0901144210","2011","Number","Estimated Population",2400
"Lyme","0901144210","2012","Number","Estimated Population",2402
"Lyme","0901144210","2013","Number","Estimated Population",2390
"Lyme","0901144210","2014","Number","Estimated Population",2379
"Lyme","0901144210","2015","Number","Estimated Population",2363
"Lyme","0901144210","2016","Number","Estimated Population",2354
"Lyme","0901144210","2017","Number","Estimated Population",2354
"Madison","0900944560","2010","Number","Estimated Population",18283
"Madison","0900944560","2011","Number","Estimated Population",18289
"Madison","0900944560","2012","Number","Estimated Population",18320
"Madison","0900944560","2013","Number","Estimated Population",18307
"Madison","0900944560","2014","Number","Estimated Population",18301
"Madison","0900944560","2015","Number","Estimated Population",18239
"Madison","0900944560","2016","Number","Estimated Population",18181
"Madison","0900944560","2017","Number","Estimated Population",18196
"Manchester","0900344700","2010","Number","Estimated Population",58270
"Manchester","0900344700","2011","Number","Estimated Population",58364
"Manchester","0900344700","2012","Number","Estimated Population",58386
"Manchester","0900344700","2013","Number","Estimated Population",58380
"Manchester","0900344700","2014","Number","Estimated Population",58227
"Manchester","0900344700","2015","Number","Estimated Population",58154
"Manchester","0900344700","2016","Number","Estimated Population",58134
"Manchester","0900344700","2017","Number","Estimated Population",57932
"Mansfield","0901344910","2010","Number","Estimated Population",27027
"Mansfield","0901344910","2011","Number","Estimated Population",26812
"Mansfield","0901344910","2012","Number","Estimated Population",25861
"Mansfield","0901344910","2013","Number","Estimated Population",26055
"Mansfield","0901344910","2014","Number","Estimated Population",26115
"Mansfield","0901344910","2015","Number","Estimated Population",26078
"Mansfield","0901344910","2016","Number","Estimated Population",25953
"Mansfield","0901344910","2017","Number","Estimated Population",25912
"Marlborough","0900345820","2010","Number","Estimated Population",6406
"Marlborough","0900345820","2011","Number","Estimated Population",6428
"Marlborough","0900345820","2012","Number","Estimated Population",6436
"Marlborough","0900345820","2013","Number","Estimated Population",6428
"Marlborough","0900345820","2014","Number","Estimated Population",6439
"Marlborough","0900345820","2015","Number","Estimated Population",6428
"Marlborough","0900345820","2016","Number","Estimated Population",6411
"Marlborough","0900345820","2017","Number","Estimated Population",6397
"Meriden","0900946520","2010","Number","Estimated Population",60879
"Meriden","0900946520","2011","Number","Estimated Population",60792
"Meriden","0900946520","2012","Number","Estimated Population",60756
"Meriden","0900946520","2013","Number","Estimated Population",60649
"Meriden","0900946520","2014","Number","Estimated Population",60509
"Meriden","0900946520","2015","Number","Estimated Population",60207
"Meriden","0900946520","2016","Number","Estimated Population",59898
"Meriden","0900946520","2017","Number","Estimated Population",59927
"Middlebury","0900946940","2010","Number","Estimated Population",7580
"Middlebury","0900946940","2011","Number","Estimated Population",7584
"Middlebury","0900946940","2012","Number","Estimated Population",7590
"Middlebury","0900946940","2013","Number","Estimated Population",7589
"Middlebury","0900946940","2014","Number","Estimated Population",7611
"Middlebury","0900946940","2015","Number","Estimated Population",7654
"Middlebury","0900946940","2016","Number","Estimated Population",7673
"Middlebury","0900946940","2017","Number","Estimated Population",7725
"Middlefield","0900747080","2010","Number","Estimated Population",4420
"Middlefield","0900747080","2011","Number","Estimated Population",4436
"Middlefield","0900747080","2012","Number","Estimated Population",4414
"Middlefield","0900747080","2013","Number","Estimated Population",4419
"Middlefield","0900747080","2014","Number","Estimated Population",4416
"Middlefield","0900747080","2015","Number","Estimated Population",4396
"Middlefield","0900747080","2016","Number","Estimated Population",4386
"Middlefield","0900747080","2017","Number","Estimated Population",4393
"Middletown","0900747360","2010","Number","Estimated Population",47645
"Middletown","0900747360","2011","Number","Estimated Population",47764
"Middletown","0900747360","2012","Number","Estimated Population",47391
"Middletown","0900747360","2013","Number","Estimated Population",47162
"Middletown","0900747360","2014","Number","Estimated Population",46936
"Middletown","0900747360","2015","Number","Estimated Population",46578
"Middletown","0900747360","2016","Number","Estimated Population",46556
"Middletown","0900747360","2017","Number","Estimated Population",46478
"Milford","0900947535","2010","Number","Estimated Population",52815
"Milford","0900947535","2011","Number","Estimated Population",52930
"Milford","0900947535","2012","Number","Estimated Population",53104
"Milford","0900947535","2013","Number","Estimated Population",53277
"Milford","0900947535","2014","Number","Estimated Population",53572
"Milford","0900947535","2015","Number","Estimated Population",53750
"Milford","0900947535","2016","Number","Estimated Population",54216
"Milford","0900947535","2017","Number","Estimated Population",54508
"Monroe","0900148620","2010","Number","Estimated Population",19512
"Monroe","0900148620","2011","Number","Estimated Population",19685
"Monroe","0900148620","2012","Number","Estimated Population",19807
"Monroe","0900148620","2013","Number","Estimated Population",19841
"Monroe","0900148620","2014","Number","Estimated Population",19836
"Monroe","0900148620","2015","Number","Estimated Population",19786
"Monroe","0900148620","2016","Number","Estimated Population",19689
"Monroe","0900148620","2017","Number","Estimated Population",19635
"Montville","0901148900","2010","Number","Estimated Population",19589
"Montville","0901148900","2011","Number","Estimated Population",19689
"Montville","0901148900","2012","Number","Estimated Population",19683
"Montville","0901148900","2013","Number","Estimated Population",19717
"Montville","0901148900","2014","Number","Estimated Population",19583
"Montville","0901148900","2015","Number","Estimated Population",19283
"Montville","0901148900","2016","Number","Estimated Population",19187
"Montville","0901148900","2017","Number","Estimated Population",19149
"Morris","0900549460","2010","Number","Estimated Population",2388
"Morris","0900549460","2011","Number","Estimated Population",2377
"Morris","0900549460","2012","Number","Estimated Population",2358
"Morris","0900549460","2013","Number","Estimated Population",2348
"Morris","0900549460","2014","Number","Estimated Population",2324
"Morris","0900549460","2015","Number","Estimated Population",2307
"Morris","0900549460","2016","Number","Estimated Population",2292
"Morris","0900549460","2017","Number","Estimated Population",2277
"Naugatuck","0900949950","2010","Number","Estimated Population",31893
"Naugatuck","0900949950","2011","Number","Estimated Population",31863
"Naugatuck","0900949950","2012","Number","Estimated Population",31862
"Naugatuck","0900949950","2013","Number","Estimated Population",31833
"Naugatuck","0900949950","2014","Number","Estimated Population",31768
"Naugatuck","0900949950","2015","Number","Estimated Population",31638
"Naugatuck","0900949950","2016","Number","Estimated Population",31502
"Naugatuck","0900949950","2017","Number","Estimated Population",31461
"New Britain","0900350440","2010","Number","Estimated Population",73273
"New Britain","0900350440","2011","Number","Estimated Population",73348
"New Britain","0900350440","2012","Number","Estimated Population",73288
"New Britain","0900350440","2013","Number","Estimated Population",73218
"New Britain","0900350440","2014","Number","Estimated Population",73162
"New Britain","0900350440","2015","Number","Estimated Population",73322
"New Britain","0900350440","2016","Number","Estimated Population",72923
"New Britain","0900350440","2017","Number","Estimated Population",72710
"New Canaan","0900150580","2010","Number","Estimated Population",19790
"New Canaan","0900150580","2011","Number","Estimated Population",19997
"New Canaan","0900150580","2012","Number","Estimated Population",20166
"New Canaan","0900150580","2013","Number","Estimated Population",20263
"New Canaan","0900150580","2014","Number","Estimated Population",20336
"New Canaan","0900150580","2015","Number","Estimated Population",20399
"New Canaan","0900150580","2016","Number","Estimated Population",20395
"New Canaan","0900150580","2017","Number","Estimated Population",20376
"New Fairfield","0900150860","2010","Number","Estimated Population",13899
"New Fairfield","0900150860","2011","Number","Estimated Population",14031
"New Fairfield","0900150860","2012","Number","Estimated Population",14118
"New Fairfield","0900150860","2013","Number","Estimated Population",14153
"New Fairfield","0900150860","2014","Number","Estimated Population",14131
"New Fairfield","0900150860","2015","Number","Estimated Population",14100
"New Fairfield","0900150860","2016","Number","Estimated Population",14050
"New Fairfield","0900150860","2017","Number","Estimated Population",14017
"New Hartford","0900551350","2010","Number","Estimated Population",6974
"New Hartford","0900551350","2011","Number","Estimated Population",6953
"New Hartford","0900551350","2012","Number","Estimated Population",6907
"New Hartford","0900551350","2013","Number","Estimated Population",6880
"New Hartford","0900551350","2014","Number","Estimated Population",6826
"New Hartford","0900551350","2015","Number","Estimated Population",6786
"New Hartford","0900551350","2016","Number","Estimated Population",6745
"New Hartford","0900551350","2017","Number","Estimated Population",6718
"New Haven","0900952070","2010","Number","Estimated Population",129853
"New Haven","0900952070","2011","Number","Estimated Population",130982
"New Haven","0900952070","2012","Number","Estimated Population",131247
"New Haven","0900952070","2013","Number","Estimated Population",131181
"New Haven","0900952070","2014","Number","Estimated Population",130797
"New Haven","0900952070","2015","Number","Estimated Population",130616
"New Haven","0900952070","2016","Number","Estimated Population",130768
"New Haven","0900952070","2017","Number","Estimated Population",131014
"Newington","0900352140","2010","Number","Estimated Population",30556
"Newington","0900352140","2011","Number","Estimated Population",30598
"Newington","0900352140","2012","Number","Estimated Population",30620
"Newington","0900352140","2013","Number","Estimated Population",30768
"Newington","0900352140","2014","Number","Estimated Population",30702
"Newington","0900352140","2015","Number","Estimated Population",30608
"Newington","0900352140","2016","Number","Estimated Population",30504
"Newington","0900352140","2017","Number","Estimated Population",30404
"New London","0901152350","2010","Number","Estimated Population",27617
"New London","0901152350","2011","Number","Estimated Population",27640
"New London","0901152350","2012","Number","Estimated Population",27584
"New London","0901152350","2013","Number","Estimated Population",27390
"New London","0901152350","2014","Number","Estimated Population",27244
"New London","0901152350","2015","Number","Estimated Population",27075
"New London","0901152350","2016","Number","Estimated Population",27087
"New London","0901152350","2017","Number","Estimated Population",27072
"New Milford","0900552630","2010","Number","Estimated Population",28123
"New Milford","0900552630","2011","Number","Estimated Population",28049
"New Milford","0900552630","2012","Number","Estimated Population",27841
"New Milford","0900552630","2013","Number","Estimated Population",27753
"New Milford","0900552630","2014","Number","Estimated Population",27530
"New Milford","0900552630","2015","Number","Estimated Population",27347
"New Milford","0900552630","2016","Number","Estimated Population",27175
"New Milford","0900552630","2017","Number","Estimated Population",27099
"Newtown","0900152980","2010","Number","Estimated Population",27620
"Newtown","0900152980","2011","Number","Estimated Population",27866
"Newtown","0900152980","2012","Number","Estimated Population",28115
"Newtown","0900152980","2013","Number","Estimated Population",28160
"Newtown","0900152980","2014","Number","Estimated Population",28018
"Newtown","0900152980","2015","Number","Estimated Population",28004
"Newtown","0900152980","2016","Number","Estimated Population",27969
"Newtown","0900152980","2017","Number","Estimated Population",27965
"Norfolk","0900553470","2010","Number","Estimated Population",1708
"Norfolk","0900553470","2011","Number","Estimated Population",1702
"Norfolk","0900553470","2012","Number","Estimated Population",1688
"Norfolk","0900553470","2013","Number","Estimated Population",1683
"Norfolk","0900553470","2014","Number","Estimated Population",1666
"Norfolk","0900553470","2015","Number","Estimated Population",1656
"Norfolk","0900553470","2016","Number","Estimated Population",1644
"Norfolk","0900553470","2017","Number","Estimated Population",1642
"North Branford","0900953890","2010","Number","Estimated Population",14411
"North Branford","0900953890","2011","Number","Estimated Population",14398
"North Branford","0900953890","2012","Number","Estimated Population",14399
"North Branford","0900953890","2013","Number","Estimated Population",14372
"North Branford","0900953890","2014","Number","Estimated Population",14341
"North Branford","0900953890","2015","Number","Estimated Population",14278
"North Branford","0900953890","2016","Number","Estimated Population",14209
"North Branford","0900953890","2017","Number","Estimated Population",14208
"North Canaan","0900554030","2010","Number","Estimated Population",3432
"North Canaan","0900554030","2011","Number","Estimated Population",3407
"North Canaan","0900554030","2012","Number","Estimated Population",3381
"North Canaan","0900554030","2013","Number","Estimated Population",3378
"North Canaan","0900554030","2014","Number","Estimated Population",3356
"North Canaan","0900554030","2015","Number","Estimated Population",3331
"North Canaan","0900554030","2016","Number","Estimated Population",3301
"North Canaan","0900554030","2017","Number","Estimated Population",3279
"North Haven","0900954870","2010","Number","Estimated Population",24093
"North Haven","0900954870","2011","Number","Estimated Population",24068
"North Haven","0900954870","2012","Number","Estimated Population",23993
"North Haven","0900954870","2013","Number","Estimated Population",23994
"North Haven","0900954870","2014","Number","Estimated Population",23965
"North Haven","0900954870","2015","Number","Estimated Population",23882
"North Haven","0900954870","2016","Number","Estimated Population",23773
"North Haven","0900954870","2017","Number","Estimated Population",23751
"North Stonington","0901155500","2010","Number","Estimated Population",5297
"North Stonington","0901155500","2011","Number","Estimated Population",5286
"North Stonington","0901155500","2012","Number","Estimated Population",5298
"North Stonington","0901155500","2013","Number","Estimated Population",5274
"North Stonington","0901155500","2014","Number","Estimated Population",5259
"North Stonington","0901155500","2015","Number","Estimated Population",5228
"North Stonington","0901155500","2016","Number","Estimated Population",5261
"North Stonington","0901155500","2017","Number","Estimated Population",5270
"Norwalk","0900156060","2010","Number","Estimated Population",86009
"Norwalk","0900156060","2011","Number","Estimated Population",86759
"Norwalk","0900156060","2012","Number","Estimated Population",87386
"Norwalk","0900156060","2013","Number","Estimated Population",88012
"Norwalk","0900156060","2014","Number","Estimated Population",88251
"Norwalk","0900156060","2015","Number","Estimated Population",88550
"Norwalk","0900156060","2016","Number","Estimated Population",88904
"Norwalk","0900156060","2017","Number","Estimated Population",89005
"Norwich","0901156270","2010","Number","Estimated Population",40551
"Norwich","0901156270","2011","Number","Estimated Population",40495
"Norwich","0901156270","2012","Number","Estimated Population",40537
"Norwich","0901156270","2013","Number","Estimated Population",40375
"Norwich","0901156270","2014","Number","Estimated Population",40154
"Norwich","0901156270","2015","Number","Estimated Population",39836
"Norwich","0901156270","2016","Number","Estimated Population",39578
"Norwich","0901156270","2017","Number","Estimated Population",39470
"Old Lyme","0901157040","2010","Number","Estimated Population",7597
"Old Lyme","0901157040","2011","Number","Estimated Population",7578
"Old Lyme","0901157040","2012","Number","Estimated Population",7589
"Old Lyme","0901157040","2013","Number","Estimated Population",7562
"Old Lyme","0901157040","2014","Number","Estimated Population",7536
"Old Lyme","0901157040","2015","Number","Estimated Population",7477
"Old Lyme","0901157040","2016","Number","Estimated Population",7449
"Old Lyme","0901157040","2017","Number","Estimated Population",7432
"Old Saybrook","0900757320","2010","Number","Estimated Population",10235
"Old Saybrook","0900757320","2011","Number","Estimated Population",10257
"Old Saybrook","0900757320","2012","Number","Estimated Population",10232
"Old Saybrook","0900757320","2013","Number","Estimated Population",10226
"Old Saybrook","0900757320","2014","Number","Estimated Population",10206
"Old Saybrook","0900757320","2015","Number","Estimated Population",10132
"Old Saybrook","0900757320","2016","Number","Estimated Population",10104
"Old Saybrook","0900757320","2017","Number","Estimated Population",10132
"Orange","0900957600","2010","Number","Estimated Population",13965
"Orange","0900957600","2011","Number","Estimated Population",13962
"Orange","0900957600","2012","Number","Estimated Population",13968
"Orange","0900957600","2013","Number","Estimated Population",13980
"Orange","0900957600","2014","Number","Estimated Population",13985
"Orange","0900957600","2015","Number","Estimated Population",13976
"Orange","0900957600","2016","Number","Estimated Population",13961
"Orange","0900957600","2017","Number","Estimated Population",13997
"Oxford","0900958300","2010","Number","Estimated Population",12713
"Oxford","0900958300","2011","Number","Estimated Population",12806
"Oxford","0900958300","2012","Number","Estimated Population",12834
"Oxford","0900958300","2013","Number","Estimated Population",12882
"Oxford","0900958300","2014","Number","Estimated Population",12933
"Oxford","0900958300","2015","Number","Estimated Population",13023
"Oxford","0900958300","2016","Number","Estimated Population",12999
"Oxford","0900958300","2017","Number","Estimated Population",13035
"Plainfield","0901559980","2010","Number","Estimated Population",15406
"Plainfield","0901559980","2011","Number","Estimated Population",15357
"Plainfield","0901559980","2012","Number","Estimated Population",15296
"Plainfield","0901559980","2013","Number","Estimated Population",15245
"Plainfield","0901559980","2014","Number","Estimated Population",15153
"Plainfield","0901559980","2015","Number","Estimated Population",15103
"Plainfield","0901559980","2016","Number","Estimated Population",15064
"Plainfield","0901559980","2017","Number","Estimated Population",15093
"Plainville","0900360120","2010","Number","Estimated Population",17731
"Plainville","0900360120","2011","Number","Estimated Population",17791
"Plainville","0900360120","2012","Number","Estimated Population",17853
"Plainville","0900360120","2013","Number","Estimated Population",17863
"Plainville","0900360120","2014","Number","Estimated Population",17830
"Plainville","0900360120","2015","Number","Estimated Population",17820
"Plainville","0900360120","2016","Number","Estimated Population",17759
"Plainville","0900360120","2017","Number","Estimated Population",17705
"Plymouth","0900560750","2010","Number","Estimated Population",12235
"Plymouth","0900560750","2011","Number","Estimated Population",12188
"Plymouth","0900560750","2012","Number","Estimated Population",12109
"Plymouth","0900560750","2013","Number","Estimated Population",12061
"Plymouth","0900560750","2014","Number","Estimated Population",11955
"Plymouth","0900560750","2015","Number","Estimated Population",11875
"Plymouth","0900560750","2016","Number","Estimated Population",11789
"Plymouth","0900560750","2017","Number","Estimated Population",11718
"Pomfret","0901561030","2010","Number","Estimated Population",4251
"Pomfret","0901561030","2011","Number","Estimated Population",4234
"Pomfret","0901561030","2012","Number","Estimated Population",4221
"Pomfret","0901561030","2013","Number","Estimated Population",4205
"Pomfret","0901561030","2014","Number","Estimated Population",4183
"Pomfret","0901561030","2015","Number","Estimated Population",4167
"Pomfret","0901561030","2016","Number","Estimated Population",4150
"Pomfret","0901561030","2017","Number","Estimated Population",4167
"Portland","0900761800","2010","Number","Estimated Population",9499
"Portland","0900761800","2011","Number","Estimated Population",9507
"Portland","0900761800","2012","Number","Estimated Population",9484
"Portland","0900761800","2013","Number","Estimated Population",9461
"Portland","0900761800","2014","Number","Estimated Population",9445
"Portland","0900761800","2015","Number","Estimated Population",9381
"Portland","0900761800","2016","Number","Estimated Population",9370
"Portland","0900761800","2017","Number","Estimated Population",9360
"Preston","0901162150","2010","Number","Estimated Population",4727
"Preston","0901162150","2011","Number","Estimated Population",4728
"Preston","0901162150","2012","Number","Estimated Population",4746
"Preston","0901162150","2013","Number","Estimated Population",4735
"Preston","0901162150","2014","Number","Estimated Population",4724
"Preston","0901162150","2015","Number","Estimated Population",4677
"Preston","0901162150","2016","Number","Estimated Population",4671
"Preston","0901162150","2017","Number","Estimated Population",4666
"Prospect","0900962290","2010","Number","Estimated Population",9447
"Prospect","0900962290","2011","Number","Estimated Population",9547
"Prospect","0900962290","2012","Number","Estimated Population",9661
"Prospect","0900962290","2013","Number","Estimated Population",9705
"Prospect","0900962290","2014","Number","Estimated Population",9727
"Prospect","0900962290","2015","Number","Estimated Population",9737
"Prospect","0900962290","2016","Number","Estimated Population",9759
"Prospect","0900962290","2017","Number","Estimated Population",9797
"Putnam","0901562710","2010","Number","Estimated Population",9581
"Putnam","0901562710","2011","Number","Estimated Population",9567
"Putnam","0901562710","2012","Number","Estimated Population",9521
"Putnam","0901562710","2013","Number","Estimated Population",9483
"Putnam","0901562710","2014","Number","Estimated Population",9425
"Putnam","0901562710","2015","Number","Estimated Population",9390
"Putnam","0901562710","2016","Number","Estimated Population",9325
"Putnam","0901562710","2017","Number","Estimated Population",9357
"Redding","0900163480","2010","Number","Estimated Population",9173
"Redding","0900163480","2011","Number","Estimated Population",9262
"Redding","0900163480","2012","Number","Estimated Population",9317
"Redding","0900163480","2013","Number","Estimated Population",9334
"Redding","0900163480","2014","Number","Estimated Population",9313
"Redding","0900163480","2015","Number","Estimated Population",9304
"Redding","0900163480","2016","Number","Estimated Population",9258
"Redding","0900163480","2017","Number","Estimated Population",9233
"Ridgefield","0900163970","2010","Number","Estimated Population",24682
"Ridgefield","0900163970","2011","Number","Estimated Population",24916
"Ridgefield","0900163970","2012","Number","Estimated Population",25085
"Ridgefield","0900163970","2013","Number","Estimated Population",25205
"Ridgefield","0900163970","2014","Number","Estimated Population",25190
"Ridgefield","0900163970","2015","Number","Estimated Population",25226
"Ridgefield","0900163970","2016","Number","Estimated Population",25156
"Ridgefield","0900163970","2017","Number","Estimated Population",25187
"Rocky Hill","0900365370","2010","Number","Estimated Population",19707
"Rocky Hill","0900365370","2011","Number","Estimated Population",19630
"Rocky Hill","0900365370","2012","Number","Estimated Population",19672
"Rocky Hill","0900365370","2013","Number","Estimated Population",19835
"Rocky Hill","0900365370","2014","Number","Estimated Population",19996
"Rocky Hill","0900365370","2015","Number","Estimated Population",20000
"Rocky Hill","0900365370","2016","Number","Estimated Population",20140
"Rocky Hill","0900365370","2017","Number","Estimated Population",20105
"Roxbury","0900565930","2010","Number","Estimated Population",2257
"Roxbury","0900565930","2011","Number","Estimated Population",2249
"Roxbury","0900565930","2012","Number","Estimated Population",2239
"Roxbury","0900565930","2013","Number","Estimated Population",2227
"Roxbury","0900565930","2014","Number","Estimated Population",2207
"Roxbury","0900565930","2015","Number","Estimated Population",2194
"Roxbury","0900565930","2016","Number","Estimated Population",2181
"Roxbury","0900565930","2017","Number","Estimated Population",2171
"Salem","0901166210","2010","Number","Estimated Population",4153
"Salem","0901166210","2011","Number","Estimated Population",4164
"Salem","0901166210","2012","Number","Estimated Population",4183
"Salem","0901166210","2013","Number","Estimated Population",4172
"Salem","0901166210","2014","Number","Estimated Population",4146
"Salem","0901166210","2015","Number","Estimated Population",4144
"Salem","0901166210","2016","Number","Estimated Population",4139
"Salem","0901166210","2017","Number","Estimated Population",4141
"Salisbury","0900566420","2010","Number","Estimated Population",3738
"Salisbury","0900566420","2011","Number","Estimated Population",3724
"Salisbury","0900566420","2012","Number","Estimated Population",3704
"Salisbury","0900566420","2013","Number","Estimated Population",3702
"Salisbury","0900566420","2014","Number","Estimated Population",3684
"Salisbury","0900566420","2015","Number","Estimated Population",3655
"Salisbury","0900566420","2016","Number","Estimated Population",3642
"Salisbury","0900566420","2017","Number","Estimated Population",3623
"Scotland","0901567400","2010","Number","Estimated Population",1727
"Scotland","0901567400","2011","Number","Estimated Population",1719
"Scotland","0901567400","2012","Number","Estimated Population",1710
"Scotland","0901567400","2013","Number","Estimated Population",1702
"Scotland","0901567400","2014","Number","Estimated Population",1692
"Scotland","0901567400","2015","Number","Estimated Population",1684
"Scotland","0901567400","2016","Number","Estimated Population",1676
"Scotland","0901567400","2017","Number","Estimated Population",1677
"Seymour","0900967610","2010","Number","Estimated Population",16545
"Seymour","0900967610","2011","Number","Estimated Population",16565
"Seymour","0900967610","2012","Number","Estimated Population",16596
"Seymour","0900967610","2013","Number","Estimated Population",16600
"Seymour","0900967610","2014","Number","Estimated Population",16593
"Seymour","0900967610","2015","Number","Estimated Population",16513
"Seymour","0900967610","2016","Number","Estimated Population",16610
"Seymour","0900967610","2017","Number","Estimated Population",16583
"Sharon","0900567960","2010","Number","Estimated Population",2781
"Sharon","0900567960","2011","Number","Estimated Population",2770
"Sharon","0900567960","2012","Number","Estimated Population",2756
"Sharon","0900567960","2013","Number","Estimated Population",2755
"Sharon","0900567960","2014","Number","Estimated Population",2731
"Sharon","0900567960","2015","Number","Estimated Population",2710
"Sharon","0900567960","2016","Number","Estimated Population",2732
"Sharon","0900567960","2017","Number","Estimated Population",2718
"Shelton","0900168170","2010","Number","Estimated Population",39629
"Shelton","0900168170","2011","Number","Estimated Population",40017
"Shelton","0900168170","2012","Number","Estimated Population",40298
"Shelton","0900168170","2013","Number","Estimated Population",41054
"Shelton","0900168170","2014","Number","Estimated Population",41256
"Shelton","0900168170","2015","Number","Estimated Population",41230
"Shelton","0900168170","2016","Number","Estimated Population",41456
"Shelton","0900168170","2017","Number","Estimated Population",41397
"Sherman","0900168310","2010","Number","Estimated Population",3589
"Sherman","0900168310","2011","Number","Estimated Population",3625
"Sherman","0900168310","2012","Number","Estimated Population",3653
"Sherman","0900168310","2013","Number","Estimated Population",3675
"Sherman","0900168310","2014","Number","Estimated Population",3670
"Sherman","0900168310","2015","Number","Estimated Population",3664
"Sherman","0900168310","2016","Number","Estimated Population",3653
"Sherman","0900168310","2017","Number","Estimated Population",3643
"Simsbury","0900368940","2010","Number","Estimated Population",23519
"Simsbury","0900368940","2011","Number","Estimated Population",23573
"Simsbury","0900368940","2012","Number","Estimated Population",23607
"Simsbury","0900368940","2013","Number","Estimated Population",23811
"Simsbury","0900368940","2014","Number","Estimated Population",23995
"Simsbury","0900368940","2015","Number","Estimated Population",24320
"Simsbury","0900368940","2016","Number","Estimated Population",24428
"Simsbury","0900368940","2017","Number","Estimated Population",24952
"Somers","0901369220","2010","Number","Estimated Population",11439
"Somers","0901369220","2011","Number","Estimated Population",11505
"Somers","0901369220","2012","Number","Estimated Population",11464
"Somers","0901369220","2013","Number","Estimated Population",11357
"Somers","0901369220","2014","Number","Estimated Population",11426
"Somers","0901369220","2015","Number","Estimated Population",11445
"Somers","0901369220","2016","Number","Estimated Population",11096
"Somers","0901369220","2017","Number","Estimated Population",11106
"Southbury","0900969640","2010","Number","Estimated Population",19914
"Southbury","0900969640","2011","Number","Estimated Population",19875
"Southbury","0900969640","2012","Number","Estimated Population",19847
"Southbury","0900969640","2013","Number","Estimated Population",19790
"Southbury","0900969640","2014","Number","Estimated Population",19789
"Southbury","0900969640","2015","Number","Estimated Population",19684
"Southbury","0900969640","2016","Number","Estimated Population",19582
"Southbury","0900969640","2017","Number","Estimated Population",19571
"Southington","0900370550","2010","Number","Estimated Population",43190
"Southington","0900370550","2011","Number","Estimated Population",43367
"Southington","0900370550","2012","Number","Estimated Population",43570
"Southington","0900370550","2013","Number","Estimated Population",43745
"Southington","0900370550","2014","Number","Estimated Population",43847
"Southington","0900370550","2015","Number","Estimated Population",43845
"Southington","0900370550","2016","Number","Estimated Population",43798
"Southington","0900370550","2017","Number","Estimated Population",43863
"South Windsor","0900371390","2010","Number","Estimated Population",25721
"South Windsor","0900371390","2011","Number","Estimated Population",25786
"South Windsor","0900371390","2012","Number","Estimated Population",25822
"South Windsor","0900371390","2013","Number","Estimated Population",25847
"South Windsor","0900371390","2014","Number","Estimated Population",25804
"South Windsor","0900371390","2015","Number","Estimated Population",25766
"South Windsor","0900371390","2016","Number","Estimated Population",25693
"South Windsor","0900371390","2017","Number","Estimated Population",25937
"Sprague","0901171670","2010","Number","Estimated Population",2984
"Sprague","0901171670","2011","Number","Estimated Population",2986
"Sprague","0901171670","2012","Number","Estimated Population",2988
"Sprague","0901171670","2013","Number","Estimated Population",2976
"Sprague","0901171670","2014","Number","Estimated Population",2969
"Sprague","0901171670","2015","Number","Estimated Population",2942
"Sprague","0901171670","2016","Number","Estimated Population",2921
"Sprague","0901171670","2017","Number","Estimated Population",2914
"Stafford","0901372090","2010","Number","Estimated Population",12085
"Stafford","0901372090","2011","Number","Estimated Population",12071
"Stafford","0901372090","2012","Number","Estimated Population",12014
"Stafford","0901372090","2013","Number","Estimated Population",11964
"Stafford","0901372090","2014","Number","Estimated Population",11917
"Stafford","0901372090","2015","Number","Estimated Population",11883
"Stafford","0901372090","2016","Number","Estimated Population",11806
"Stafford","0901372090","2017","Number","Estimated Population",11949
"Stamford","0900173070","2010","Number","Estimated Population",122839
"Stamford","0900173070","2011","Number","Estimated Population",124182
"Stamford","0900173070","2012","Number","Estimated Population",125222
"Stamford","0900173070","2013","Number","Estimated Population",126708
"Stamford","0900173070","2014","Number","Estimated Population",128277
"Stamford","0900173070","2015","Number","Estimated Population",128794
"Stamford","0900173070","2016","Number","Estimated Population",129654
"Stamford","0900173070","2017","Number","Estimated Population",130824
"Sterling","0901573420","2010","Number","Estimated Population",3822
"Sterling","0901573420","2011","Number","Estimated Population",3799
"Sterling","0901573420","2012","Number","Estimated Population",3790
"Sterling","0901573420","2013","Number","Estimated Population",3774
"Sterling","0901573420","2014","Number","Estimated Population",3753
"Sterling","0901573420","2015","Number","Estimated Population",3742
"Sterling","0901573420","2016","Number","Estimated Population",3732
"Sterling","0901573420","2017","Number","Estimated Population",3742
"Stonington","0901173770","2010","Number","Estimated Population",18533
"Stonington","0901173770","2011","Number","Estimated Population",18502
"Stonington","0901173770","2012","Number","Estimated Population",18555
"Stonington","0901173770","2013","Number","Estimated Population",18496
"Stonington","0901173770","2014","Number","Estimated Population",18422
"Stonington","0901173770","2015","Number","Estimated Population",18285
"Stonington","0901173770","2016","Number","Estimated Population",18614
"Stonington","0901173770","2017","Number","Estimated Population",18593
"Stratford","0900174190","2010","Number","Estimated Population",51472
"Stratford","0900174190","2011","Number","Estimated Population",51927
"Stratford","0900174190","2012","Number","Estimated Population",52229
"Stratford","0900174190","2013","Number","Estimated Population",52302
"Stratford","0900174190","2014","Number","Estimated Population",52817
"Stratford","0900174190","2015","Number","Estimated Population",52694
"Stratford","0900174190","2016","Number","Estimated Population",52507
"Stratford","0900174190","2017","Number","Estimated Population",52345
"Suffield","0900374540","2010","Number","Estimated Population",15770
"Suffield","0900374540","2011","Number","Estimated Population",15839
"Suffield","0900374540","2012","Number","Estimated Population",15602
"Suffield","0900374540","2013","Number","Estimated Population",15641
"Suffield","0900374540","2014","Number","Estimated Population",15657
"Suffield","0900374540","2015","Number","Estimated Population",15693
"Suffield","0900374540","2016","Number","Estimated Population",15672
"Suffield","0900374540","2017","Number","Estimated Population",15698
"Thomaston","0900575730","2010","Number","Estimated Population",7883
"Thomaston","0900575730","2011","Number","Estimated Population",7855
"Thomaston","0900575730","2012","Number","Estimated Population",7800
"Thomaston","0900575730","2013","Number","Estimated Population",7771
"Thomaston","0900575730","2014","Number","Estimated Population",7709
"Thomaston","0900575730","2015","Number","Estimated Population",7657
"Thomaston","0900575730","2016","Number","Estimated Population",7623
"Thomaston","0900575730","2017","Number","Estimated Population",7602
"Thompson","0901575870","2010","Number","Estimated Population",9459
"Thompson","0901575870","2011","Number","Estimated Population",9431
"Thompson","0901575870","2012","Number","Estimated Population",9395
"Thompson","0901575870","2013","Number","Estimated Population",9369
"Thompson","0901575870","2014","Number","Estimated Population",9308
"Thompson","0901575870","2015","Number","Estimated Population",9289
"Thompson","0901575870","2016","Number","Estimated Population",9266
"Thompson","0901575870","2017","Number","Estimated Population",9288
"Tolland","0901376290","2010","Number","Estimated Population",15053
"Tolland","0901376290","2011","Number","Estimated Population",15043
"Tolland","0901376290","2012","Number","Estimated Population",14980
"Tolland","0901376290","2013","Number","Estimated Population",14924
"Tolland","0901376290","2014","Number","Estimated Population",14867
"Tolland","0901376290","2015","Number","Estimated Population",14860
"Tolland","0901376290","2016","Number","Estimated Population",14761
"Tolland","0901376290","2017","Number","Estimated Population",14722
"Torrington","0900576570","2010","Number","Estimated Population",36352
"Torrington","0900576570","2011","Number","Estimated Population",36153
"Torrington","0900576570","2012","Number","Estimated Population",35824
"Torrington","0900576570","2013","Number","Estimated Population",35647
"Torrington","0900576570","2014","Number","Estimated Population",35355
"Torrington","0900576570","2015","Number","Estimated Population",35070
"Torrington","0900576570","2016","Number","Estimated Population",34774
"Torrington","0900576570","2017","Number","Estimated Population",34538
"Trumbull","0900177200","2010","Number","Estimated Population",36068
"Trumbull","0900177200","2011","Number","Estimated Population",36359
"Trumbull","0900177200","2012","Number","Estimated Population",36570
"Trumbull","0900177200","2013","Number","Estimated Population",36629
"Trumbull","0900177200","2014","Number","Estimated Population",36698
"Trumbull","0900177200","2015","Number","Estimated Population",36545
"Trumbull","0900177200","2016","Number","Estimated Population",36283
"Trumbull","0900177200","2017","Number","Estimated Population",36154
"Union","0901377830","2010","Number","Estimated Population",856
"Union","0901377830","2011","Number","Estimated Population",853
"Union","0901377830","2012","Number","Estimated Population",853
"Union","0901377830","2013","Number","Estimated Population",851
"Union","0901377830","2014","Number","Estimated Population",849
"Union","0901377830","2015","Number","Estimated Population",849
"Union","0901377830","2016","Number","Estimated Population",844
"Union","0901377830","2017","Number","Estimated Population",839
"Vernon","0901378250","2010","Number","Estimated Population",29187
"Vernon","0901378250","2011","Number","Estimated Population",29190
"Vernon","0901378250","2012","Number","Estimated Population",29207
"Vernon","0901378250","2013","Number","Estimated Population",29257
"Vernon","0901378250","2014","Number","Estimated Population",29147
"Vernon","0901378250","2015","Number","Estimated Population",29068
"Vernon","0901378250","2016","Number","Estimated Population",29181
"Vernon","0901378250","2017","Number","Estimated Population",29289
"Voluntown","0901178600","2010","Number","Estimated Population",2603
"Voluntown","0901178600","2011","Number","Estimated Population",2599
"Voluntown","0901178600","2012","Number","Estimated Population",2605
"Voluntown","0901178600","2013","Number","Estimated Population",2595
"Voluntown","0901178600","2014","Number","Estimated Population",2579
"Voluntown","0901178600","2015","Number","Estimated Population",2562
"Voluntown","0901178600","2016","Number","Estimated Population",2556
"Voluntown","0901178600","2017","Number","Estimated Population",2558
"Wallingford","0900978740","2010","Number","Estimated Population",45169
"Wallingford","0900978740","2011","Number","Estimated Population",45205
"Wallingford","0900978740","2012","Number","Estimated Population",45261
"Wallingford","0900978740","2013","Number","Estimated Population",45270
"Wallingford","0900978740","2014","Number","Estimated Population",45193
"Wallingford","0900978740","2015","Number","Estimated Population",44983
"Wallingford","0900978740","2016","Number","Estimated Population",44774
"Wallingford","0900978740","2017","Number","Estimated Population",44741
"Warren","0900579510","2010","Number","Estimated Population",1460
"Warren","0900579510","2011","Number","Estimated Population",1457
"Warren","0900579510","2012","Number","Estimated Population",1448
"Warren","0900579510","2013","Number","Estimated Population",1447
"Warren","0900579510","2014","Number","Estimated Population",1435
"Warren","0900579510","2015","Number","Estimated Population",1426
"Warren","0900579510","2016","Number","Estimated Population",1417
"Warren","0900579510","2017","Number","Estimated Population",1410
"Washington","0900579720","2010","Number","Estimated Population",3577
"Washington","0900579720","2011","Number","Estimated Population",3563
"Washington","0900579720","2012","Number","Estimated Population",3541
"Washington","0900579720","2013","Number","Estimated Population",3529
"Washington","0900579720","2014","Number","Estimated Population",3504
"Washington","0900579720","2015","Number","Estimated Population",3489
"Washington","0900579720","2016","Number","Estimated Population",3470
"Washington","0900579720","2017","Number","Estimated Population",3453
"Waterbury","0900980070","2010","Number","Estimated Population",110403
"Waterbury","0900980070","2011","Number","Estimated Population",110207
"Waterbury","0900980070","2012","Number","Estimated Population",110139
"Waterbury","0900980070","2013","Number","Estimated Population",109980
"Waterbury","0900980070","2014","Number","Estimated Population",109708
"Waterbury","0900980070","2015","Number","Estimated Population",109190
"Waterbury","0900980070","2016","Number","Estimated Population",108750
"Waterbury","0900980070","2017","Number","Estimated Population",108629
"Waterford","0901180280","2010","Number","Estimated Population",19503
"Waterford","0901180280","2011","Number","Estimated Population",19491
"Waterford","0901180280","2012","Number","Estimated Population",19521
"Waterford","0901180280","2013","Number","Estimated Population",19427
"Waterford","0901180280","2014","Number","Estimated Population",19309
"Waterford","0901180280","2015","Number","Estimated Population",19149
"Waterford","0901180280","2016","Number","Estimated Population",19045
"Waterford","0901180280","2017","Number","Estimated Population",19007
"Watertown","0900580490","2010","Number","Estimated Population",22520
"Watertown","0900580490","2011","Number","Estimated Population",22444
"Watertown","0900580490","2012","Number","Estimated Population",22297
"Watertown","0900580490","2013","Number","Estimated Population",22246
"Watertown","0900580490","2014","Number","Estimated Population",22099
"Watertown","0900580490","2015","Number","Estimated Population",21994
"Watertown","0900580490","2016","Number","Estimated Population",21842
"Watertown","0900580490","2017","Number","Estimated Population",21740
"Westbrook","0900781680","2010","Number","Estimated Population",6937
"Westbrook","0900781680","2011","Number","Estimated Population",6947
"Westbrook","0900781680","2012","Number","Estimated Population",6918
"Westbrook","0900781680","2013","Number","Estimated Population",6920
"Westbrook","0900781680","2014","Number","Estimated Population",6908
"Westbrook","0900781680","2015","Number","Estimated Population",6903
"Westbrook","0900781680","2016","Number","Estimated Population",6948
"Westbrook","0900781680","2017","Number","Estimated Population",6956
"West Hartford","0900382590","2010","Number","Estimated Population",63470
"West Hartford","0900382590","2011","Number","Estimated Population",63516
"West Hartford","0900382590","2012","Number","Estimated Population",63602
"West Hartford","0900382590","2013","Number","Estimated Population",63629
"West Hartford","0900382590","2014","Number","Estimated Population",63421
"West Hartford","0900382590","2015","Number","Estimated Population",63345
"West Hartford","0900382590","2016","Number","Estimated Population",63264
"West Hartford","0900382590","2017","Number","Estimated Population",63133
"West Haven","0900982870","2010","Number","Estimated Population",55584
"West Haven","0900982870","2011","Number","Estimated Population",55563
"West Haven","0900982870","2012","Number","Estimated Population",55331
"West Haven","0900982870","2013","Number","Estimated Population",55240
"West Haven","0900982870","2014","Number","Estimated Population",55367
"West Haven","0900982870","2015","Number","Estimated Population",54967
"West Haven","0900982870","2016","Number","Estimated Population",54774
"West Haven","0900982870","2017","Number","Estimated Population",54843
"Weston","0900183430","2010","Number","Estimated Population",10196
"Weston","0900183430","2011","Number","Estimated Population",10302
"Weston","0900183430","2012","Number","Estimated Population",10362
"Weston","0900183430","2013","Number","Estimated Population",10387
"Weston","0900183430","2014","Number","Estimated Population",10383
"Weston","0900183430","2015","Number","Estimated Population",10376
"Weston","0900183430","2016","Number","Estimated Population",10336
"Weston","0900183430","2017","Number","Estimated Population",10331
"Westport","0900183500","2010","Number","Estimated Population",26448
"Westport","0900183500","2011","Number","Estimated Population",26813
"Westport","0900183500","2012","Number","Estimated Population",27135
"Westport","0900183500","2013","Number","Estimated Population",27403
"Westport","0900183500","2014","Number","Estimated Population",27590
"Westport","0900183500","2015","Number","Estimated Population",27912
"Westport","0900183500","2016","Number","Estimated Population",27992
"Westport","0900183500","2017","Number","Estimated Population",28042
"Wethersfield","0900384900","2010","Number","Estimated Population",26679
"Wethersfield","0900384900","2011","Number","Estimated Population",26745
"Wethersfield","0900384900","2012","Number","Estimated Population",26580
"Wethersfield","0900384900","2013","Number","Estimated Population",26560
"Wethersfield","0900384900","2014","Number","Estimated Population",26489
"Wethersfield","0900384900","2015","Number","Estimated Population",26420
"Wethersfield","0900384900","2016","Number","Estimated Population",26300
"Wethersfield","0900384900","2017","Number","Estimated Population",26195
"Willington","0901385950","2010","Number","Estimated Population",6039
"Willington","0901385950","2011","Number","Estimated Population",6030
"Willington","0901385950","2012","Number","Estimated Population",5999
"Willington","0901385950","2013","Number","Estimated Population",5975
"Willington","0901385950","2014","Number","Estimated Population",5943
"Willington","0901385950","2015","Number","Estimated Population",5925
"Willington","0901385950","2016","Number","Estimated Population",5882
"Willington","0901385950","2017","Number","Estimated Population",5921
"Wilton","0900186370","2010","Number","Estimated Population",18080
"Wilton","0900186370","2011","Number","Estimated Population",18514
"Wilton","0900186370","2012","Number","Estimated Population",18646
"Wilton","0900186370","2013","Number","Estimated Population",18674
"Wilton","0900186370","2014","Number","Estimated Population",18689
"Wilton","0900186370","2015","Number","Estimated Population",18710
"Wilton","0900186370","2016","Number","Estimated Population",18634
"Wilton","0900186370","2017","Number","Estimated Population",18581
"Winchester","0900586440","2010","Number","Estimated Population",11242
"Winchester","0900586440","2011","Number","Estimated Population",11189
"Winchester","0900586440","2012","Number","Estimated Population",11091
"Winchester","0900586440","2013","Number","Estimated Population",11042
"Winchester","0900586440","2014","Number","Estimated Population",10985
"Winchester","0900586440","2015","Number","Estimated Population",10903
"Winchester","0900586440","2016","Number","Estimated Population",10814
"Winchester","0900586440","2017","Number","Estimated Population",10739
"Windham","0901586790","2010","Number","Estimated Population",25430
"Windham","0901586790","2011","Number","Estimated Population",25421
"Windham","0901586790","2012","Number","Estimated Population",25335
"Windham","0901586790","2013","Number","Estimated Population",25174
"Windham","0901586790","2014","Number","Estimated Population",24884
"Windham","0901586790","2015","Number","Estimated Population",24785
"Windham","0901586790","2016","Number","Estimated Population",24679
"Windham","0901586790","2017","Number","Estimated Population",24686
"Windsor","0900387000","2010","Number","Estimated Population",29114
"Windsor","0900387000","2011","Number","Estimated Population",29176
"Windsor","0900387000","2012","Number","Estimated Population",29176
"Windsor","0900387000","2013","Number","Estimated Population",29188
"Windsor","0900387000","2014","Number","Estimated Population",29088
"Windsor","0900387000","2015","Number","Estimated Population",29052
"Windsor","0900387000","2016","Number","Estimated Population",28968
"Windsor","0900387000","2017","Number","Estimated Population",28898
"Windsor Locks","0900387070","2010","Number","Estimated Population",12509
"Windsor Locks","0900387070","2011","Number","Estimated Population",12563
"Windsor Locks","0900387070","2012","Number","Estimated Population",12576
"Windsor Locks","0900387070","2013","Number","Estimated Population",12594
"Windsor Locks","0900387070","2014","Number","Estimated Population",12580
"Windsor Locks","0900387070","2015","Number","Estimated Population",12563
"Windsor Locks","0900387070","2016","Number","Estimated Population",12558
"Windsor Locks","0900387070","2017","Number","Estimated Population",12554
"Wolcott","0900987560","2010","Number","Estimated Population",16711
"Wolcott","0900987560","2011","Number","Estimated Population",16743
"Wolcott","0900987560","2012","Number","Estimated Population",16767
"Wolcott","0900987560","2013","Number","Estimated Population",16753
"Wolcott","0900987560","2014","Number","Estimated Population",16735
"Wolcott","0900987560","2015","Number","Estimated Population",16689
"Wolcott","0900987560","2016","Number","Estimated Population",16661
"Wolcott","0900987560","2017","Number","Estimated Population",16672
"Woodbridge","0900987700","2010","Number","Estimated Population",8998
"Woodbridge","0900987700","2011","Number","Estimated Population",8982
"Woodbridge","0900987700","2012","Number","Estimated Population",8988
"Woodbridge","0900987700","2013","Number","Estimated Population",8972
"Woodbridge","0900987700","2014","Number","Estimated Population",8951
"Woodbridge","0900987700","2015","Number","Estimated Population",8904
"Woodbridge","0900987700","2016","Number","Estimated Population",8871
"Woodbridge","0900987700","2017","Number","Estimated Population",8853
"Woodbury","0900587910","2010","Number","Estimated Population",9974
"Woodbury","0900587910","2011","Number","Estimated Population",9925
"Woodbury","0900587910","2012","Number","Estimated Population",9855
"Woodbury","0900587910","2013","Number","Estimated Population",9819
"Woodbury","0900587910","2014","Number","Estimated Population",9744
"Woodbury","0900587910","2015","Number","Estimated Population",9670
"Woodbury","0900587910","2016","Number","Estimated Population",9608
"Woodbury","0900587910","2017","Number","Estimated Population",9557
"Woodstock","0901588190","2010","Number","Estimated Population",7963
"Woodstock","0901588190","2011","Number","Estimated Population",7948
"Woodstock","0901588190","2012","Number","Estimated Population",7905
"Woodstock","0901588190","2013","Number","Estimated Population",7885
"Woodstock","0901588190","2014","Number","Estimated Population",7840
"Woodstock","0901588190","2015","Number","Estimated Population",7812
"Woodstock","0901588190","2016","Number","Estimated Population",7791
"Woodstock","0901588190","2017","Number","Estimated Population",7809
